user_id,risk_segment,churn_probability,recommended_action,priority,monthly_spend,plan_type,session_count,last_login_days,actual_churn,intervention_status,intervention_date,response_status,retained_after_intervention
1873,Critical,0.9306654,Re-engagement campaign,P1 - Immediate,0,Free,1,30,0,Simulated - Pending,2026-09-07,Not Yet Measured,
2750,Critical,0.8482777,Personalized re-engagement campaign,P1 - Immediate,299,Basic,1,30,1,Simulated - Pending,2026-09-07,Not Yet Measured,
3632,Critical,0.8213036,Re-engagement campaign,P1 - Immediate,0,Free,3,30,0,Simulated - Pending,2026-09-07,Not Yet Measured,
2313,Critical,0.81262857,Re-engagement campaign,P1 - Immediate,0,Free,1,22,0,Simulated - Pending,2026-09-07,Not Yet Measured,
4158,Critical,0.8102866,Re-engagement campaign,P1 - Immediate,0,Free,1,30,1,Simulated - Pending,2026-09-07,Not Yet Measured,
1359,Critical,0.79868805,Re-engagement campaign,P1 - Immediate,0,Free,3,30,1,Simulated - Pending,2026-09-07,Not Yet Measured,
127,Critical,0.7977444,Priority personal re-engagement,P1 - Immediate,499,Premium,1,21,1,Simulated - Pending,2026-09-07,Not Yet Measured,
4189,Critical,0.79717135,Personalized re-engagement campaign,P1 - Immediate,299,Basic,4,22,1,Simulated - Pending,2026-09-07,Not Yet Measured,
1983,Critical,0.71971756,Personalized re-engagement campaign,P1 - Immediate,299,Basic,3,25,1,Simulated - Pending,2026-09-07,Not Yet Measured,
1378,Critical,0.7151727,Personalized re-engagement campaign,P1 - Immediate,299,Basic,2,22,1,Simulated - Pending,2026-09-07,Not Yet Measured,
3796,Critical,0.7024464,Re-engagement campaign,P1 - Immediate,0,Free,3,16,1,Simulated - Pending,2026-09-07,Not Yet Measured,
707,Critical,0.70147365,Priority personal re-engagement,P1 - Immediate,499,Premium,3,21,1,Simulated - Pending,2026-09-07,Not Yet Measured,
4715,High,0.6803636,Early engagement campaign,P2 - High,0,Free,3,16,1,Simulated - Pending,2026-09-07,Not Yet Measured,
1555,High,0.6766693,Early engagement campaign,P2 - High,0,Free,1,25,1,Simulated - Pending,2026-09-07,Not Yet Measured,
2970,High,0.6712772,Early engagement campaign,P2 - High,299,Basic,4,25,1,Simulated - Pending,2026-09-07,Not Yet Measured,
720,High,0.670902,Early engagement campaign,P2 - High,0,Free,4,30,1,Simulated - Pending,2026-09-07,Not Yet Measured,
2942,High,0.66957986,Early engagement campaign,P2 - High,299,Basic,5,10,1,Simulated - Pending,2026-09-07,Not Yet Measured,
4485,High,0.6683007,Early engagement campaign,P2 - High,0,Free,3,23,0,Simulated - Pending,2026-09-07,Not Yet Measured,
4656,High,0.66096574,Early engagement campaign,P2 - High,0,Free,1,27,0,Simulated - Pending,2026-09-07,Not Yet Measured,
3571,High,0.66022605,Early engagement campaign,P2 - High,499,Premium,3,23,1,Simulated - Pending,2026-09-07,Not Yet Measured,
292,High,0.6601604,Early engagement campaign,P2 - High,499,Premium,2,13,1,Simulated - Pending,2026-09-07,Not Yet Measured,
3649,High,0.64894444,Early engagement campaign,P2 - High,499,Premium,1,23,0,Simulated - Pending,2026-09-07,Not Yet Measured,
570,High,0.64475095,Early engagement campaign,P2 - High,0,Free,4,29,1,Simulated - Pending,2026-09-07,Not Yet Measured,
38,High,0.64240456,Early engagement campaign,P2 - High,299,Basic,3,20,0,Simulated - Pending,2026-09-07,Not Yet Measured,
3714,High,0.63642263,Early engagement campaign,P2 - High,299,Basic,4,21,1,Simulated - Pending,2026-09-07,Not Yet Measured,
2968,High,0.6362403,Early engagement campaign,P2 - High,299,Basic,1,22,0,Simulated - Pending,2026-09-07,Not Yet Measured,
740,High,0.6317194,Early engagement campaign,P2 - High,0,Free,2,10,0,Simulated - Pending,2026-09-07,Not Yet Measured,
457,High,0.63028157,Early engagement campaign,P2 - High,0,Free,1,26,0,Simulated - Pending,2026-09-07,Not Yet Measured,
2976,High,0.62711495,Early engagement campaign,P2 - High,0,Free,4,23,0,Simulated - Pending,2026-09-07,Not Yet Measured,
616,High,0.6267309,Early engagement campaign,P2 - High,0,Free,1,12,1,Simulated - Pending,2026-09-07,Not Yet Measured,
4625,High,0.62454003,Early engagement campaign,P2 - High,0,Free,1,29,1,Simulated - Pending,2026-09-07,Not Yet Measured,
3989,High,0.6128559,Early engagement campaign,P2 - High,499,Premium,2,24,1,Simulated - Pending,2026-09-07,Not Yet Measured,
2244,High,0.60960954,Early engagement campaign,P2 - High,0,Free,4,10,1,Simulated - Pending,2026-09-07,Not Yet Measured,
611,High,0.60928196,Early engagement campaign,P2 - High,299,Basic,3,25,1,Simulated - Pending,2026-09-07,Not Yet Measured,
1291,High,0.60791373,Early engagement campaign,P2 - High,299,Basic,4,23,0,Simulated - Pending,2026-09-07,Not Yet Measured,
2086,High,0.6043318,Early engagement campaign,P2 - High,299,Basic,4,26,0,Simulated - Pending,2026-09-07,Not Yet Measured,
1458,High,0.5994766,Early engagement campaign,P2 - High,499,Premium,3,22,1,Simulated - Pending,2026-09-07,Not Yet Measured,
4665,High,0.5960864,Early engagement campaign,P2 - High,0,Free,3,12,0,Simulated - Pending,2026-09-07,Not Yet Measured,
3265,High,0.59434944,Early engagement campaign,P2 - High,0,Free,4,21,1,Simulated - Pending,2026-09-07,Not Yet Measured,
1155,High,0.58291656,Early engagement campaign,P2 - High,299,Basic,3,28,0,Simulated - Pending,2026-09-07,Not Yet Measured,
2028,High,0.58172005,Early engagement campaign,P2 - High,0,Free,2,25,0,Simulated - Pending,2026-09-07,Not Yet Measured,
4464,High,0.5783711,Early engagement campaign,P2 - High,0,Free,2,23,1,Simulated - Pending,2026-09-07,Not Yet Measured,
3172,High,0.5774523,Early engagement campaign,P2 - High,0,Free,4,25,1,Simulated - Pending,2026-09-07,Not Yet Measured,
4936,High,0.5747039,Early engagement campaign,P2 - High,0,Free,3,24,0,Simulated - Pending,2026-09-07,Not Yet Measured,
3886,High,0.5743283,Early engagement campaign,P2 - High,0,Free,5,25,1,Simulated - Pending,2026-09-07,Not Yet Measured,
2185,High,0.57387674,Early engagement campaign,P2 - High,299,Basic,5,24,1,Simulated - Pending,2026-09-07,Not Yet Measured,
2344,High,0.5731719,Early engagement campaign,P2 - High,499,Premium,3,26,1,Simulated - Pending,2026-09-07,Not Yet Measured,
2496,High,0.5689699,Early engagement campaign,P2 - High,0,Free,2,28,1,Simulated - Pending,2026-09-07,Not Yet Measured,
4839,High,0.5673687,Early engagement campaign,P2 - High,0,Free,5,28,0,Simulated - Pending,2026-09-07,Not Yet Measured,
1599,High,0.56100786,Early engagement campaign,P2 - High,299,Basic,5,20,1,Simulated - Pending,2026-09-07,Not Yet Measured,
2070,High,0.5608796,Early engagement campaign,P2 - High,0,Free,3,12,0,Simulated - Pending,2026-09-07,Not Yet Measured,
3340,High,0.5586639,Early engagement campaign,P2 - High,0,Free,4,16,1,Simulated - Pending,2026-09-07,Not Yet Measured,
667,High,0.55524594,Early engagement campaign,P2 - High,0,Free,4,12,1,Simulated - Pending,2026-09-07,Not Yet Measured,
582,High,0.55368984,Early engagement campaign,P2 - High,499,Premium,3,24,1,Simulated - Pending,2026-09-07,Not Yet Measured,
3937,High,0.55317086,Early engagement campaign,P2 - High,0,Free,3,24,1,Simulated - Pending,2026-09-07,Not Yet Measured,
4735,High,0.55307513,Early engagement campaign,P2 - High,499,Premium,3,20,1,Simulated - Pending,2026-09-07,Not Yet Measured,
1159,High,0.5441286,Early engagement campaign,P2 - High,0,Free,3,11,0,Simulated - Pending,2026-09-07,Not Yet Measured,
832,High,0.54150194,Early engagement campaign,P2 - High,499,Premium,5,23,1,Simulated - Pending,2026-09-07,Not Yet Measured,
4466,High,0.538847,Early engagement campaign,P2 - High,299,Basic,2,21,0,Simulated - Pending,2026-09-07,Not Yet Measured,
3833,High,0.5370449,Early engagement campaign,P2 - High,299,Basic,5,13,1,Simulated - Pending,2026-09-07,Not Yet Measured,
2048,High,0.53631514,Early engagement campaign,P2 - High,499,Premium,3,13,1,Simulated - Pending,2026-09-07,Not Yet Measured,
1487,High,0.53388315,Early engagement campaign,P2 - High,499,Premium,1,18,0,Simulated - Pending,2026-09-07,Not Yet Measured,
2825,High,0.5338188,Early engagement campaign,P2 - High,299,Basic,5,10,1,Simulated - Pending,2026-09-07,Not Yet Measured,
2682,High,0.5254016,Early engagement campaign,P2 - High,499,Premium,4,16,0,Simulated - Pending,2026-09-07,Not Yet Measured,
4237,High,0.5252164,Early engagement campaign,P2 - High,0,Free,5,25,0,Simulated - Pending,2026-09-07,Not Yet Measured,
915,High,0.52419037,Early engagement campaign,P2 - High,499,Premium,3,25,1,Simulated - Pending,2026-09-07,Not Yet Measured,
3420,High,0.52335256,Early engagement campaign,P2 - High,499,Premium,3,29,0,Simulated - Pending,2026-09-07,Not Yet Measured,
491,High,0.52059126,Early engagement campaign,P2 - High,0,Free,1,27,0,Simulated - Pending,2026-09-07,Not Yet Measured,
2201,High,0.5158786,Early engagement campaign,P2 - High,0,Free,2,23,1,Simulated - Pending,2026-09-07,Not Yet Measured,
4039,High,0.50162554,Early engagement campaign,P2 - High,499,Premium,5,24,1,Simulated - Pending,2026-09-07,Not Yet Measured,
2922,High,0.5013187,Early engagement campaign,P2 - High,299,Basic,1,24,0,Simulated - Pending,2026-09-07,Not Yet Measured,
2033,High,0.49708384,Early engagement campaign,P2 - High,299,Basic,2,13,1,Simulated - Pending,2026-09-07,Not Yet Measured,
2691,High,0.49401605,Early engagement campaign,P2 - High,299,Basic,4,30,0,Simulated - Pending,2026-09-07,Not Yet Measured,
4090,High,0.49115112,Early engagement campaign,P2 - High,499,Premium,4,24,0,Simulated - Pending,2026-09-07,Not Yet Measured,
4343,High,0.49097025,Early engagement campaign,P2 - High,499,Premium,5,14,0,Simulated - Pending,2026-09-07,Not Yet Measured,
4688,High,0.48928544,Early engagement campaign,P2 - High,299,Basic,5,16,0,Simulated - Pending,2026-09-07,Not Yet Measured,
3130,High,0.486045,Early engagement campaign,P2 - High,299,Basic,1,20,0,Simulated - Pending,2026-09-07,Not Yet Measured,
4717,High,0.48450124,Product engagement campaign,P2 - High,299,Basic,6,12,1,Simulated - Pending,2026-09-07,Not Yet Measured,
3579,High,0.48311678,Early engagement campaign,P2 - High,0,Free,5,12,0,Simulated - Pending,2026-09-07,Not Yet Measured,
4298,High,0.48211432,Early engagement campaign,P2 - High,0,Free,5,13,1,Simulated - Pending,2026-09-07,Not Yet Measured,
1709,High,0.47921234,Product engagement campaign,P2 - High,0,Free,9,12,0,Simulated - Pending,2026-09-07,Not Yet Measured,
309,High,0.47627473,Product engagement campaign,P2 - High,299,Basic,6,15,0,Simulated - Pending,2026-09-07,Not Yet Measured,
995,High,0.46887055,Product engagement campaign,P2 - High,299,Basic,18,12,1,Simulated - Pending,2026-09-07,Not Yet Measured,
4185,High,0.46310526,Product engagement campaign,P2 - High,299,Basic,18,11,0,Simulated - Pending,2026-09-07,Not Yet Measured,
2173,High,0.46284938,Early engagement campaign,P2 - High,299,Basic,5,17,0,Simulated - Pending,2026-09-07,Not Yet Measured,
4920,High,0.45627406,Product engagement campaign,P2 - High,0,Free,6,10,1,Simulated - Pending,2026-09-07,Not Yet Measured,
3005,High,0.45536894,Early engagement campaign,P2 - High,0,Free,2,20,1,Simulated - Pending,2026-09-07,Not Yet Measured,
695,High,0.45492807,Early engagement campaign,P2 - High,0,Free,1,20,1,Simulated - Pending,2026-09-07,Not Yet Measured,
3879,High,0.45426682,Product engagement campaign,P2 - High,0,Free,9,13,0,Simulated - Pending,2026-09-07,Not Yet Measured,
3960,High,0.45033035,Product engagement campaign,P2 - High,0,Free,6,11,0,Simulated - Pending,2026-09-07,Not Yet Measured,
4473,High,0.44935742,Early engagement campaign,P2 - High,299,Basic,3,19,1,Simulated - Pending,2026-09-07,Not Yet Measured,
1855,High,0.44866222,Early engagement campaign,P2 - High,0,Free,3,19,1,Simulated - Pending,2026-09-07,Not Yet Measured,
3595,High,0.4457767,Early engagement campaign,P2 - High,499,Premium,3,28,0,Simulated - Pending,2026-09-07,Not Yet Measured,
3299,High,0.4452036,Product engagement campaign,P2 - High,299,Basic,15,10,1,Simulated - Pending,2026-09-07,Not Yet Measured,
2770,High,0.44404498,Product engagement campaign,P2 - High,299,Basic,11,12,0,Simulated - Pending,2026-09-07,Not Yet Measured,
2550,High,0.4428407,Product engagement campaign,P2 - High,299,Basic,20,12,0,Simulated - Pending,2026-09-07,Not Yet Measured,
3447,High,0.43898866,Early engagement campaign,P2 - High,0,Free,5,14,1,Simulated - Pending,2026-09-07,Not Yet Measured,
3624,High,0.4375412,Product engagement campaign,P2 - High,299,Basic,14,10,0,Simulated - Pending,2026-09-07,Not Yet Measured,
3996,High,0.436494,Product engagement campaign,P2 - High,299,Basic,19,10,0,Simulated - Pending,2026-09-07,Not Yet Measured,
1389,High,0.4340176,Early engagement campaign,P2 - High,299,Basic,2,13,1,Simulated - Pending,2026-09-07,Not Yet Measured,
4892,High,0.42995086,Early engagement campaign,P2 - High,0,Free,3,18,0,Simulated - Pending,2026-09-07,Not Yet Measured,
4078,High,0.42898396,Product engagement campaign,P2 - High,499,Premium,15,10,0,Simulated - Pending,2026-09-07,Not Yet Measured,
2808,High,0.42773837,Product engagement campaign,P2 - High,299,Basic,19,11,1,Simulated - Pending,2026-09-07,Not Yet Measured,
1099,High,0.4275754,Product engagement campaign,P2 - High,299,Basic,13,13,1,Simulated - Pending,2026-09-07,Not Yet Measured,
4222,High,0.42347518,Early engagement campaign,P2 - High,499,Premium,2,10,0,Simulated - Pending,2026-09-07,Not Yet Measured,
4440,High,0.4213905,Product engagement campaign,P2 - High,0,Free,16,12,1,Simulated - Pending,2026-09-07,Not Yet Measured,
842,High,0.419294,Product engagement campaign,P2 - High,499,Premium,35,7,0,Simulated - Pending,2026-09-07,Not Yet Measured,
2577,High,0.4178275,Early engagement campaign,P2 - High,0,Free,4,29,1,Simulated - Pending,2026-09-07,Not Yet Measured,
2581,High,0.41421777,Product engagement campaign,P2 - High,0,Free,11,10,0,Simulated - Pending,2026-09-07,Not Yet Measured,
3916,High,0.4119442,Product engagement campaign,P2 - High,299,Basic,12,12,0,Simulated - Pending,2026-09-07,Not Yet Measured,
931,High,0.4106773,Product engagement campaign,P2 - High,499,Premium,9,10,0,Simulated - Pending,2026-09-07,Not Yet Measured,
4528,High,0.41012123,Early engagement campaign,P2 - High,299,Basic,2,12,0,Simulated - Pending,2026-09-07,Not Yet Measured,
3694,High,0.40967137,Product engagement campaign,P2 - High,299,Basic,11,10,0,Simulated - Pending,2026-09-07,Not Yet Measured,
2396,High,0.40962884,Early engagement campaign,P2 - High,0,Free,5,20,1,Simulated - Pending,2026-09-07,Not Yet Measured,
3968,High,0.4079334,Product engagement campaign,P2 - High,299,Basic,9,13,0,Simulated - Pending,2026-09-07,Not Yet Measured,
4271,High,0.4061973,Early engagement campaign,P2 - High,299,Basic,5,18,0,Simulated - Pending,2026-09-07,Not Yet Measured,
3178,High,0.4047063,Product engagement campaign,P2 - High,299,Basic,11,13,1,Simulated - Pending,2026-09-07,Not Yet Measured,
4511,High,0.40434027,Early engagement campaign,P2 - High,499,Premium,3,18,0,Simulated - Pending,2026-09-07,Not Yet Measured,
3250,High,0.4025046,Product engagement campaign,P2 - High,0,Free,10,12,1,Simulated - Pending,2026-09-07,Not Yet Measured,
1421,Moderate,0.3989767,Feature discovery campaign,P3 - Medium,499,Premium,2,26,0,Simulated - Pending,2026-09-07,Not Yet Measured,
1731,Moderate,0.398358,Product education campaign,P3 - Medium,499,Premium,15,10,1,Simulated - Pending,2026-09-07,Not Yet Measured,
3644,Moderate,0.39249265,Product education campaign,P3 - Medium,0,Free,11,13,0,Simulated - Pending,2026-09-07,Not Yet Measured,
1694,Moderate,0.3922684,Product education campaign,P3 - Medium,0,Free,9,12,1,Simulated - Pending,2026-09-07,Not Yet Measured,
4544,Moderate,0.3916052,Feature discovery campaign,P3 - Medium,0,Free,12,15,0,Simulated - Pending,2026-09-07,Not Yet Measured,
337,Moderate,0.39156944,Product education campaign,P3 - Medium,0,Free,14,10,1,Simulated - Pending,2026-09-07,Not Yet Measured,
3748,Moderate,0.39099067,Product education campaign,P3 - Medium,0,Free,13,10,0,Simulated - Pending,2026-09-07,Not Yet Measured,
1498,Moderate,0.3902312,Product education campaign,P3 - Medium,0,Free,2,13,0,Simulated - Pending,2026-09-07,Not Yet Measured,
47,Moderate,0.38935512,Feature discovery campaign,P3 - Medium,299,Basic,18,15,1,Simulated - Pending,2026-09-07,Not Yet Measured,
1003,Moderate,0.38904324,Product education campaign,P3 - Medium,299,Basic,15,12,1,Simulated - Pending,2026-09-07,Not Yet Measured,
4111,Moderate,0.3886212,Product education campaign,P3 - Medium,0,Free,15,10,0,Simulated - Pending,2026-09-07,Not Yet Measured,
1386,Moderate,0.38827753,Product education campaign,P3 - Medium,0,Free,11,13,0,Simulated - Pending,2026-09-07,Not Yet Measured,
573,Moderate,0.3881822,Product education campaign,P3 - Medium,299,Basic,8,13,0,Simulated - Pending,2026-09-07,Not Yet Measured,
4144,Moderate,0.3878671,Product education campaign,P3 - Medium,499,Premium,9,13,0,Simulated - Pending,2026-09-07,Not Yet Measured,
2994,Moderate,0.3870301,Product education campaign,P3 - Medium,0,Free,13,10,0,Simulated - Pending,2026-09-07,Not Yet Measured,
2305,Moderate,0.38654572,Feature discovery campaign,P3 - Medium,299,Basic,2,20,0,Simulated - Pending,2026-09-07,Not Yet Measured,
1070,Moderate,0.38632548,Feature discovery campaign,P3 - Medium,299,Basic,1,16,0,Simulated - Pending,2026-09-07,Not Yet Measured,
3277,Moderate,0.3857001,Product education campaign,P3 - Medium,299,Basic,19,11,0,Simulated - Pending,2026-09-07,Not Yet Measured,
269,Moderate,0.38444078,Feature discovery campaign,P3 - Medium,499,Premium,4,18,0,Simulated - Pending,2026-09-07,Not Yet Measured,
4963,Moderate,0.38396114,Product education campaign,P3 - Medium,0,Free,10,13,0,Simulated - Pending,2026-09-07,Not Yet Measured,
2735,Moderate,0.38388482,Product education campaign,P3 - Medium,0,Free,11,13,0,Simulated - Pending,2026-09-07,Not Yet Measured,
2899,Moderate,0.38383093,Product education campaign,P3 - Medium,299,Basic,19,12,0,Simulated - Pending,2026-09-07,Not Yet Measured,
3884,Moderate,0.38277572,Feature discovery campaign,P3 - Medium,499,Premium,6,15,0,Simulated - Pending,2026-09-07,Not Yet Measured,
2782,Moderate,0.3794583,Feature discovery campaign,P3 - Medium,299,Basic,1,16,0,Simulated - Pending,2026-09-07,Not Yet Measured,
4662,Moderate,0.37815055,Product education campaign,P3 - Medium,299,Basic,7,12,0,Simulated - Pending,2026-09-07,Not Yet Measured,
1455,Moderate,0.3774158,Product education campaign,P3 - Medium,499,Premium,15,9,0,Simulated - Pending,2026-09-07,Not Yet Measured,
1896,Moderate,0.37544063,Product education campaign,P3 - Medium,499,Premium,15,9,0,Simulated - Pending,2026-09-07,Not Yet Measured,
2256,Moderate,0.37203482,Product education campaign,P3 - Medium,299,Basic,7,13,0,Simulated - Pending,2026-09-07,Not Yet Measured,
2089,Moderate,0.37195945,Product education campaign,P3 - Medium,299,Basic,16,10,0,Simulated - Pending,2026-09-07,Not Yet Measured,
3707,Moderate,0.37115252,Product education campaign,P3 - Medium,299,Basic,15,13,0,Simulated - Pending,2026-09-07,Not Yet Measured,
2074,Moderate,0.37051874,Feature discovery campaign,P3 - Medium,0,Free,3,20,0,Simulated - Pending,2026-09-07,Not Yet Measured,
4816,Moderate,0.36716458,Product education campaign,P3 - Medium,0,Free,13,11,1,Simulated - Pending,2026-09-07,Not Yet Measured,
42,Moderate,0.36195806,Feature discovery campaign,P3 - Medium,0,Free,1,16,0,Simulated - Pending,2026-09-07,Not Yet Measured,
1362,Moderate,0.3617386,Product education campaign,P3 - Medium,0,Free,17,10,1,Simulated - Pending,2026-09-07,Not Yet Measured,
1780,Moderate,0.35933074,Product education campaign,P3 - Medium,299,Basic,8,13,0,Simulated - Pending,2026-09-07,Not Yet Measured,
3572,Moderate,0.35933074,Product education campaign,P3 - Medium,299,Basic,8,13,1,Simulated - Pending,2026-09-07,Not Yet Measured,
4264,Moderate,0.35872644,Feature discovery campaign,P3 - Medium,0,Free,6,15,0,Simulated - Pending,2026-09-07,Not Yet Measured,
4854,Moderate,0.35799006,Product education campaign,P3 - Medium,299,Basic,13,12,1,Simulated - Pending,2026-09-07,Not Yet Measured,
1092,Moderate,0.35769477,Feature discovery campaign,P3 - Medium,299,Basic,2,14,1,Simulated - Pending,2026-09-07,Not Yet Measured,
3675,Moderate,0.35680336,Product education campaign,P3 - Medium,0,Free,16,10,0,Simulated - Pending,2026-09-07,Not Yet Measured,
3313,Moderate,0.3540083,Product education campaign,P3 - Medium,299,Basic,7,13,0,Simulated - Pending,2026-09-07,Not Yet Measured,
2987,Moderate,0.35329714,Feature discovery campaign,P3 - Medium,0,Free,11,15,1,Simulated - Pending,2026-09-07,Not Yet Measured,
4100,Moderate,0.34733844,Feature discovery campaign,P3 - Medium,299,Basic,3,20,1,Simulated - Pending,2026-09-07,Not Yet Measured,
4179,Moderate,0.346149,Product education campaign,P3 - Medium,299,Basic,9,13,0,Simulated - Pending,2026-09-07,Not Yet Measured,
3094,Moderate,0.34546924,Product education campaign,P3 - Medium,0,Free,18,10,0,Simulated - Pending,2026-09-07,Not Yet Measured,
283,Moderate,0.3435288,Feature discovery campaign,P3 - Medium,499,Premium,17,15,0,Simulated - Pending,2026-09-07,Not Yet Measured,
2076,Moderate,0.3435288,Feature discovery campaign,P3 - Medium,499,Premium,17,15,0,Simulated - Pending,2026-09-07,Not Yet Measured,
1931,Moderate,0.3425861,Feature discovery campaign,P3 - Medium,299,Basic,13,15,0,Simulated - Pending,2026-09-07,Not Yet Measured,
411,Moderate,0.34045118,Feature discovery campaign,P3 - Medium,0,Free,11,15,1,Simulated - Pending,2026-09-07,Not Yet Measured,
351,Moderate,0.33875352,Product education campaign,P3 - Medium,299,Basic,1,11,1,Simulated - Pending,2026-09-07,Not Yet Measured,
4915,Moderate,0.336805,Feature discovery campaign,P3 - Medium,499,Premium,14,15,1,Simulated - Pending,2026-09-07,Not Yet Measured,
3038,Moderate,0.33602917,Feature discovery campaign,P3 - Medium,299,Basic,16,15,1,Simulated - Pending,2026-09-07,Not Yet Measured,
1768,Moderate,0.3346575,Feature discovery campaign,P3 - Medium,0,Free,3,29,0,Simulated - Pending,2026-09-07,Not Yet Measured,
4977,Moderate,0.33141983,Product education campaign,P3 - Medium,0,Free,12,12,0,Simulated - Pending,2026-09-07,Not Yet Measured,
1204,Moderate,0.33060804,Product education campaign,P3 - Medium,0,Free,5,12,0,Simulated - Pending,2026-09-07,Not Yet Measured,
4678,Moderate,0.3305092,Product education campaign,P3 - Medium,0,Free,7,10,0,Simulated - Pending,2026-09-07,Not Yet Measured,
721,Moderate,0.3284247,Product education campaign,P3 - Medium,299,Basic,15,10,0,Simulated - Pending,2026-09-07,Not Yet Measured,
4541,Moderate,0.32800066,Product education campaign,P3 - Medium,0,Free,15,12,0,Simulated - Pending,2026-09-07,Not Yet Measured,
284,Moderate,0.3278467,Product education campaign,P3 - Medium,0,Free,8,13,1,Simulated - Pending,2026-09-07,Not Yet Measured,
2044,Moderate,0.32775843,Product education campaign,P3 - Medium,299,Basic,6,3,0,Simulated - Pending,2026-09-07,Not Yet Measured,
4953,Moderate,0.32654983,Product education campaign,P3 - Medium,499,Premium,14,10,1,Simulated - Pending,2026-09-07,Not Yet Measured,
4595,Moderate,0.32610905,Feature discovery campaign,P3 - Medium,299,Basic,18,14,1,Simulated - Pending,2026-09-07,Not Yet Measured,
3293,Moderate,0.3260887,Product education campaign,P3 - Medium,499,Premium,12,12,1,Simulated - Pending,2026-09-07,Not Yet Measured,
1084,Moderate,0.32544282,Product education campaign,P3 - Medium,499,Premium,15,9,1,Simulated - Pending,2026-09-07,Not Yet Measured,
3456,Moderate,0.32514945,Product education campaign,P3 - Medium,0,Free,12,11,0,Simulated - Pending,2026-09-07,Not Yet Measured,
4170,Moderate,0.32492888,Product education campaign,P3 - Medium,0,Free,1,11,1,Simulated - Pending,2026-09-07,Not Yet Measured,
1669,Moderate,0.3235559,Feature discovery campaign,P3 - Medium,499,Premium,14,15,0,Simulated - Pending,2026-09-07,Not Yet Measured,
1422,Moderate,0.32256767,Product education campaign,P3 - Medium,0,Free,14,12,0,Simulated - Pending,2026-09-07,Not Yet Measured,
181,Moderate,0.32143995,Product education campaign,P3 - Medium,499,Premium,15,13,0,Simulated - Pending,2026-09-07,Not Yet Measured,
462,Moderate,0.32077688,Product education campaign,P3 - Medium,0,Free,12,10,0,Simulated - Pending,2026-09-07,Not Yet Measured,
1273,Moderate,0.31829435,Product education campaign,P3 - Medium,299,Basic,19,12,0,Simulated - Pending,2026-09-07,Not Yet Measured,
3327,Moderate,0.31755164,Product education campaign,P3 - Medium,499,Premium,16,10,1,Simulated - Pending,2026-09-07,Not Yet Measured,
1679,Moderate,0.31730813,Product education campaign,P3 - Medium,0,Free,15,13,1,Simulated - Pending,2026-09-07,Not Yet Measured,
3782,Moderate,0.31664965,Feature discovery campaign,P3 - Medium,299,Basic,18,14,0,Simulated - Pending,2026-09-07,Not Yet Measured,
471,Moderate,0.3158205,Product education campaign,P3 - Medium,0,Free,16,12,0,Simulated - Pending,2026-09-07,Not Yet Measured,
878,Moderate,0.31325153,Feature discovery campaign,P3 - Medium,0,Free,13,15,0,Simulated - Pending,2026-09-07,Not Yet Measured,
1678,Moderate,0.3126522,Feature discovery campaign,P3 - Medium,0,Free,6,15,0,Simulated - Pending,2026-09-07,Not Yet Measured,
1883,Moderate,0.31028503,Product education campaign,P3 - Medium,0,Free,17,3,0,Simulated - Pending,2026-09-07,Not Yet Measured,
1885,Moderate,0.30985376,Feature discovery campaign,P3 - Medium,299,Basic,11,15,1,Simulated - Pending,2026-09-07,Not Yet Measured,
2852,Moderate,0.3090017,Feature discovery campaign,P3 - Medium,0,Free,11,15,0,Simulated - Pending,2026-09-07,Not Yet Measured,
4377,Moderate,0.30867234,Product education campaign,P3 - Medium,0,Free,15,13,1,Simulated - Pending,2026-09-07,Not Yet Measured,
1312,Moderate,0.30818656,Product education campaign,P3 - Medium,0,Free,19,3,0,Simulated - Pending,2026-09-07,Not Yet Measured,
23,Moderate,0.3076435,Feature discovery campaign,P3 - Medium,499,Premium,12,15,0,Simulated - Pending,2026-09-07,Not Yet Measured,
3079,Moderate,0.30343813,Feature discovery campaign,P3 - Medium,0,Free,16,14,0,Simulated - Pending,2026-09-07,Not Yet Measured,
3791,Moderate,0.30216163,Feature discovery campaign,P3 - Medium,0,Free,9,15,0,Simulated - Pending,2026-09-07,Not Yet Measured,
4046,Moderate,0.30158183,Product education campaign,P3 - Medium,0,Free,14,13,0,Simulated - Pending,2026-09-07,Not Yet Measured,
1382,Moderate,0.30135867,Product education campaign,P3 - Medium,499,Premium,16,11,0,Simulated - Pending,2026-09-07,Not Yet Measured,
3689,Moderate,0.30048874,Product education campaign,P3 - Medium,0,Free,19,10,1,Simulated - Pending,2026-09-07,Not Yet Measured,
3857,Moderate,0.2995815,Product education campaign,P3 - Medium,499,Premium,18,10,0,Simulated - Pending,2026-09-07,Not Yet Measured,
4470,Moderate,0.2995187,Feature discovery campaign,P3 - Medium,0,Free,12,15,0,Simulated - Pending,2026-09-07,Not Yet Measured,
1889,Moderate,0.29839617,Product education campaign,P3 - Medium,0,Free,18,7,0,Simulated - Pending,2026-09-07,Not Yet Measured,
3284,Moderate,0.29817322,Feature discovery campaign,P3 - Medium,499,Premium,6,14,0,Simulated - Pending,2026-09-07,Not Yet Measured,
3789,Moderate,0.2974417,Product education campaign,P3 - Medium,299,Basic,17,10,1,Simulated - Pending,2026-09-07,Not Yet Measured,
1949,Moderate,0.29725817,Product education campaign,P3 - Medium,499,Premium,15,8,0,Simulated - Pending,2026-09-07,Not Yet Measured,
2523,Moderate,0.29529497,Feature discovery campaign,P3 - Medium,499,Premium,16,14,0,Simulated - Pending,2026-09-07,Not Yet Measured,
1187,Moderate,0.29474446,Product education campaign,P3 - Medium,499,Premium,12,12,1,Simulated - Pending,2026-09-07,Not Yet Measured,
1775,Moderate,0.29309785,Product education campaign,P3 - Medium,499,Premium,16,12,0,Simulated - Pending,2026-09-07,Not Yet Measured,
2653,Moderate,0.2921555,Product education campaign,P3 - Medium,0,Free,19,10,0,Simulated - Pending,2026-09-07,Not Yet Measured,
2,Moderate,0.29188013,Feature discovery campaign,P3 - Medium,299,Basic,9,15,0,Simulated - Pending,2026-09-07,Not Yet Measured,
4407,Moderate,0.29084504,Feature discovery campaign,P3 - Medium,299,Basic,11,14,0,Simulated - Pending,2026-09-07,Not Yet Measured,
4800,Moderate,0.29081157,Product education campaign,P3 - Medium,299,Basic,18,9,0,Simulated - Pending,2026-09-07,Not Yet Measured,
4297,Moderate,0.28969452,Product education campaign,P3 - Medium,499,Premium,11,11,1,Simulated - Pending,2026-09-07,Not Yet Measured,
3430,Moderate,0.28934938,Product education campaign,P3 - Medium,499,Premium,16,13,1,Simulated - Pending,2026-09-07,Not Yet Measured,
3439,Moderate,0.2884855,Product education campaign,P3 - Medium,0,Free,8,10,0,Simulated - Pending,2026-09-07,Not Yet Measured,
1737,Moderate,0.28816855,Feature discovery campaign,P3 - Medium,0,Free,10,15,1,Simulated - Pending,2026-09-07,Not Yet Measured,
4883,Moderate,0.2880229,Product education campaign,P3 - Medium,499,Premium,16,9,0,Simulated - Pending,2026-09-07,Not Yet Measured,
1615,Moderate,0.28785774,Feature discovery campaign,P3 - Medium,299,Basic,13,14,1,Simulated - Pending,2026-09-07,Not Yet Measured,
1496,Moderate,0.28785607,Product education campaign,P3 - Medium,0,Free,18,7,0,Simulated - Pending,2026-09-07,Not Yet Measured,
3626,Moderate,0.28749368,Feature discovery campaign,P3 - Medium,499,Premium,3,18,0,Simulated - Pending,2026-09-07,Not Yet Measured,
3669,Moderate,0.28668177,Feature discovery campaign,P3 - Medium,299,Basic,18,15,1,Simulated - Pending,2026-09-07,Not Yet Measured,
1137,Moderate,0.2864472,Product education campaign,P3 - Medium,0,Free,18,13,1,Simulated - Pending,2026-09-07,Not Yet Measured,
1061,Moderate,0.28612056,Feature discovery campaign,P3 - Medium,0,Free,10,14,1,Simulated - Pending,2026-09-07,Not Yet Measured,
4806,Moderate,0.28550923,Product education campaign,P3 - Medium,0,Free,18,3,0,Simulated - Pending,2026-09-07,Not Yet Measured,
2813,Moderate,0.28367075,Feature discovery campaign,P3 - Medium,499,Premium,13,14,0,Simulated - Pending,2026-09-07,Not Yet Measured,
2806,Moderate,0.28357133,Feature discovery campaign,P3 - Medium,299,Basic,4,19,0,Simulated - Pending,2026-09-07,Not Yet Measured,
4426,Moderate,0.28080148,Product education campaign,P3 - Medium,0,Free,17,10,1,Simulated - Pending,2026-09-07,Not Yet Measured,
1318,Moderate,0.27553242,Product education campaign,P3 - Medium,299,Basic,9,6,0,Simulated - Pending,2026-09-07,Not Yet Measured,
4020,Moderate,0.27411038,Product education campaign,P3 - Medium,299,Basic,20,11,1,Simulated - Pending,2026-09-07,Not Yet Measured,
1848,Moderate,0.27067,Feature discovery campaign,P3 - Medium,499,Premium,6,14,0,Simulated - Pending,2026-09-07,Not Yet Measured,
2864,Moderate,0.26977217,Feature discovery campaign,P3 - Medium,299,Basic,11,14,0,Simulated - Pending,2026-09-07,Not Yet Measured,
3258,Moderate,0.26817736,Product education campaign,P3 - Medium,299,Basic,7,5,0,Simulated - Pending,2026-09-07,Not Yet Measured,
1158,Moderate,0.26798233,Product education campaign,P3 - Medium,0,Free,17,10,0,Simulated - Pending,2026-09-07,Not Yet Measured,
3651,Moderate,0.26588756,Product education campaign,P3 - Medium,299,Basic,8,4,0,Simulated - Pending,2026-09-07,Not Yet Measured,
1229,Moderate,0.26545694,Product education campaign,P3 - Medium,299,Basic,9,7,0,Simulated - Pending,2026-09-07,Not Yet Measured,
1853,Moderate,0.26388022,Product education campaign,P3 - Medium,299,Basic,20,10,0,Simulated - Pending,2026-09-07,Not Yet Measured,
1927,Moderate,0.26378095,Feature discovery campaign,P3 - Medium,0,Free,11,14,1,Simulated - Pending,2026-09-07,Not Yet Measured,
4125,Moderate,0.26102793,Product education campaign,P3 - Medium,299,Basic,7,6,0,Simulated - Pending,2026-09-07,Not Yet Measured,
939,Moderate,0.26100245,Product education campaign,P3 - Medium,299,Basic,19,3,0,Simulated - Pending,2026-09-07,Not Yet Measured,
2149,Moderate,0.26034623,Product education campaign,P3 - Medium,299,Basic,7,6,0,Simulated - Pending,2026-09-07,Not Yet Measured,
2063,Moderate,0.26013082,Feature discovery campaign,P3 - Medium,0,Free,16,14,0,Simulated - Pending,2026-09-07,Not Yet Measured,
2709,Moderate,0.25990552,Feature discovery campaign,P3 - Medium,0,Free,17,15,0,Simulated - Pending,2026-09-07,Not Yet Measured,
2004,Moderate,0.2597691,Product education campaign,P3 - Medium,299,Basic,17,9,0,Simulated - Pending,2026-09-07,Not Yet Measured,
2455,Moderate,0.25676876,Feature discovery campaign,P3 - Medium,499,Premium,13,14,0,Simulated - Pending,2026-09-07,Not Yet Measured,
119,Moderate,0.25236806,Product education campaign,P3 - Medium,299,Basic,18,8,0,Simulated - Pending,2026-09-07,Not Yet Measured,
463,Moderate,0.25170097,Feature discovery campaign,P3 - Medium,0,Free,8,15,0,Simulated - Pending,2026-09-07,Not Yet Measured,
3346,Moderate,0.25134572,Product education campaign,P3 - Medium,0,Free,6,4,1,Simulated - Pending,2026-09-07,Not Yet Measured,
1733,Moderate,0.2504748,Product education campaign,P3 - Medium,0,Free,8,13,0,Simulated - Pending,2026-09-07,Not Yet Measured,
4855,Moderate,0.25030676,Product education campaign,P3 - Medium,499,Premium,7,11,0,Simulated - Pending,2026-09-07,Not Yet Measured,
3046,Moderate,0.25019845,Product education campaign,P3 - Medium,299,Basic,19,3,0,Simulated - Pending,2026-09-07,Not Yet Measured,
2360,Moderate,0.24969687,Product education campaign,P3 - Medium,0,Free,20,13,0,Simulated - Pending,2026-09-07,Not Yet Measured,
2013,Moderate,0.24935922,Product education campaign,P3 - Medium,299,Basic,19,7,0,Simulated - Pending,2026-09-07,Not Yet Measured,
3745,Moderate,0.24839255,Product education campaign,P3 - Medium,299,Basic,9,4,0,Simulated - Pending,2026-09-07,Not Yet Measured,
4602,Moderate,0.24573176,Feature discovery campaign,P3 - Medium,0,Free,14,14,0,Simulated - Pending,2026-09-07,Not Yet Measured,
4089,Moderate,0.24419829,Product education campaign,P3 - Medium,299,Basic,7,5,0,Simulated - Pending,2026-09-07,Not Yet Measured,
109,Moderate,0.24418089,Product education campaign,P3 - Medium,299,Basic,17,6,0,Simulated - Pending,2026-09-07,Not Yet Measured,
138,Moderate,0.24410324,Product education campaign,P3 - Medium,0,Free,19,10,0,Simulated - Pending,2026-09-07,Not Yet Measured,
1822,Moderate,0.24311553,Product education campaign,P3 - Medium,499,Premium,13,10,0,Simulated - Pending,2026-09-07,Not Yet Measured,
3754,Moderate,0.24196497,Product education campaign,P3 - Medium,299,Basic,18,6,0,Simulated - Pending,2026-09-07,Not Yet Measured,
4266,Moderate,0.2401428,Feature discovery campaign,P3 - Medium,0,Free,8,15,0,Simulated - Pending,2026-09-07,Not Yet Measured,
2781,Moderate,0.24005583,Product education campaign,P3 - Medium,299,Basic,8,5,0,Simulated - Pending,2026-09-07,Not Yet Measured,
1264,Moderate,0.23879422,Product education campaign,P3 - Medium,0,Free,17,9,0,Simulated - Pending,2026-09-07,Not Yet Measured,
4457,Moderate,0.23775303,Feature discovery campaign,P3 - Medium,0,Free,13,15,0,Simulated - Pending,2026-09-07,Not Yet Measured,
3269,Moderate,0.23655848,Product education campaign,P3 - Medium,299,Basic,9,7,1,Simulated - Pending,2026-09-07,Not Yet Measured,
3585,Moderate,0.23408282,Product education campaign,P3 - Medium,299,Basic,13,9,0,Simulated - Pending,2026-09-07,Not Yet Measured,
79,Moderate,0.23395228,Product education campaign,P3 - Medium,299,Basic,9,9,1,Simulated - Pending,2026-09-07,Not Yet Measured,
2411,Moderate,0.23321025,Feature discovery campaign,P3 - Medium,299,Basic,17,14,1,Simulated - Pending,2026-09-07,Not Yet Measured,
1939,Moderate,0.23255596,Product education campaign,P3 - Medium,0,Free,15,3,0,Simulated - Pending,2026-09-07,Not Yet Measured,
4157,Moderate,0.23226775,Product education campaign,P3 - Medium,499,Premium,6,6,0,Simulated - Pending,2026-09-07,Not Yet Measured,
2199,Moderate,0.23186417,Feature discovery campaign,P3 - Medium,299,Basic,7,15,1,Simulated - Pending,2026-09-07,Not Yet Measured,
4785,Moderate,0.2317745,Product education campaign,P3 - Medium,299,Basic,14,7,0,Simulated - Pending,2026-09-07,Not Yet Measured,
3037,Moderate,0.23172134,Product education campaign,P3 - Medium,299,Basic,9,4,0,Simulated - Pending,2026-09-07,Not Yet Measured,
1707,Moderate,0.23123382,Product education campaign,P3 - Medium,299,Basic,12,11,0,Simulated - Pending,2026-09-07,Not Yet Measured,
4259,Moderate,0.23101255,Product education campaign,P3 - Medium,499,Premium,19,6,0,Simulated - Pending,2026-09-07,Not Yet Measured,
3740,Moderate,0.23079765,Feature discovery campaign,P3 - Medium,0,Free,7,15,1,Simulated - Pending,2026-09-07,Not Yet Measured,
4074,Moderate,0.23062982,Product education campaign,P3 - Medium,0,Free,18,5,1,Simulated - Pending,2026-09-07,Not Yet Measured,
2596,Moderate,0.23057099,Feature discovery campaign,P3 - Medium,0,Free,18,14,1,Simulated - Pending,2026-09-07,Not Yet Measured,
3409,Moderate,0.23039307,Product education campaign,P3 - Medium,0,Free,32,1,0,Simulated - Pending,2026-09-07,Not Yet Measured,
2945,Moderate,0.23035248,Product education campaign,P3 - Medium,499,Premium,17,11,1,Simulated - Pending,2026-09-07,Not Yet Measured,
4601,Moderate,0.22968948,Product education campaign,P3 - Medium,299,Basic,19,7,0,Simulated - Pending,2026-09-07,Not Yet Measured,
3086,Moderate,0.22963643,Product education campaign,P3 - Medium,0,Free,16,9,0,Simulated - Pending,2026-09-07,Not Yet Measured,
4436,Moderate,0.22953027,Product education campaign,P3 - Medium,0,Free,17,11,1,Simulated - Pending,2026-09-07,Not Yet Measured,
3350,Moderate,0.2293757,Product education campaign,P3 - Medium,0,Free,19,13,0,Simulated - Pending,2026-09-07,Not Yet Measured,
317,Moderate,0.2293757,Product education campaign,P3 - Medium,0,Free,19,13,1,Simulated - Pending,2026-09-07,Not Yet Measured,
837,Moderate,0.22887984,Product education campaign,P3 - Medium,299,Basic,15,3,0,Simulated - Pending,2026-09-07,Not Yet Measured,
3472,Moderate,0.22887984,Product education campaign,P3 - Medium,299,Basic,15,3,0,Simulated - Pending,2026-09-07,Not Yet Measured,
2008,Moderate,0.22856598,Product education campaign,P3 - Medium,499,Premium,15,4,0,Simulated - Pending,2026-09-07,Not Yet Measured,
442,Moderate,0.22848019,Product education campaign,P3 - Medium,299,Basic,18,7,0,Simulated - Pending,2026-09-07,Not Yet Measured,
3362,Moderate,0.22848019,Product education campaign,P3 - Medium,299,Basic,18,7,0,Simulated - Pending,2026-09-07,Not Yet Measured,
4764,Moderate,0.22818172,Feature discovery campaign,P3 - Medium,299,Basic,8,14,0,Simulated - Pending,2026-09-07,Not Yet Measured,
3053,Moderate,0.2274243,Product education campaign,P3 - Medium,499,Premium,15,3,0,Simulated - Pending,2026-09-07,Not Yet Measured,
3584,Moderate,0.22733587,Product education campaign,P3 - Medium,0,Free,17,13,1,Simulated - Pending,2026-09-07,Not Yet Measured,
3665,Moderate,0.22616825,Product education campaign,P3 - Medium,0,Free,17,3,0,Simulated - Pending,2026-09-07,Not Yet Measured,
618,Moderate,0.22614351,Product education campaign,P3 - Medium,299,Basic,15,8,0,Simulated - Pending,2026-09-07,Not Yet Measured,
4727,Moderate,0.22581719,Product education campaign,P3 - Medium,0,Free,17,11,0,Simulated - Pending,2026-09-07,Not Yet Measured,
302,Moderate,0.2256967,Product education campaign,P3 - Medium,299,Basic,14,8,0,Simulated - Pending,2026-09-07,Not Yet Measured,
4674,Moderate,0.22554901,Product education campaign,P3 - Medium,299,Basic,14,7,0,Simulated - Pending,2026-09-07,Not Yet Measured,
1471,Moderate,0.22471069,Product education campaign,P3 - Medium,0,Free,24,0,0,Simulated - Pending,2026-09-07,Not Yet Measured,
2057,Moderate,0.22398573,Product education campaign,P3 - Medium,0,Free,7,13,1,Simulated - Pending,2026-09-07,Not Yet Measured,
2494,Moderate,0.22258967,Product education campaign,P3 - Medium,499,Premium,14,6,0,Simulated - Pending,2026-09-07,Not Yet Measured,
3839,Moderate,0.22219406,Product education campaign,P3 - Medium,0,Free,17,11,1,Simulated - Pending,2026-09-07,Not Yet Measured,
367,Moderate,0.22179818,Product education campaign,P3 - Medium,0,Free,16,9,0,Simulated - Pending,2026-09-07,Not Yet Measured,
996,Moderate,0.2217239,Product education campaign,P3 - Medium,299,Basic,10,9,0,Simulated - Pending,2026-09-07,Not Yet Measured,
2837,Moderate,0.2217239,Product education campaign,P3 - Medium,299,Basic,10,9,0,Simulated - Pending,2026-09-07,Not Yet Measured,
2981,Moderate,0.22168086,Product education campaign,P3 - Medium,299,Basic,17,7,0,Simulated - Pending,2026-09-07,Not Yet Measured,
2509,Moderate,0.22154976,Product education campaign,P3 - Medium,299,Basic,16,8,0,Simulated - Pending,2026-09-07,Not Yet Measured,
2478,Moderate,0.22063765,Product education campaign,P3 - Medium,499,Premium,17,12,1,Simulated - Pending,2026-09-07,Not Yet Measured,
4283,Moderate,0.21975216,Product education campaign,P3 - Medium,499,Premium,7,8,0,Simulated - Pending,2026-09-07,Not Yet Measured,
4904,Moderate,0.21914655,Feature discovery campaign,P3 - Medium,299,Basic,15,14,0,Simulated - Pending,2026-09-07,Not Yet Measured,
1418,Moderate,0.2169777,Product education campaign,P3 - Medium,299,Basic,6,5,0,Simulated - Pending,2026-09-07,Not Yet Measured,
4603,Moderate,0.21590552,Product education campaign,P3 - Medium,499,Premium,17,3,1,Simulated - Pending,2026-09-07,Not Yet Measured,
586,Moderate,0.21539503,Product education campaign,P3 - Medium,499,Premium,17,12,1,Simulated - Pending,2026-09-07,Not Yet Measured,
1898,Moderate,0.21536909,Product education campaign,P3 - Medium,299,Basic,10,3,0,Simulated - Pending,2026-09-07,Not Yet Measured,
3138,Moderate,0.21519218,Product education campaign,P3 - Medium,499,Premium,9,7,0,Simulated - Pending,2026-09-07,Not Yet Measured,
4880,Moderate,0.21482305,Product education campaign,P3 - Medium,0,Free,24,0,0,Simulated - Pending,2026-09-07,Not Yet Measured,
2572,Moderate,0.21450159,Feature discovery campaign,P3 - Medium,299,Basic,15,14,0,Simulated - Pending,2026-09-07,Not Yet Measured,
279,Moderate,0.21374494,Product education campaign,P3 - Medium,0,Free,31,2,0,Simulated - Pending,2026-09-07,Not Yet Measured,
681,Moderate,0.2125685,Product education campaign,P3 - Medium,299,Basic,7,7,0,Simulated - Pending,2026-09-07,Not Yet Measured,
2993,Moderate,0.2115704,Product education campaign,P3 - Medium,299,Basic,15,7,0,Simulated - Pending,2026-09-07,Not Yet Measured,
780,Moderate,0.20992585,Product education campaign,P3 - Medium,299,Basic,6,4,0,Simulated - Pending,2026-09-07,Not Yet Measured,
3077,Moderate,0.20992096,Product education campaign,P3 - Medium,299,Basic,11,6,1,Simulated - Pending,2026-09-07,Not Yet Measured,
21,Moderate,0.20943367,Product education campaign,P3 - Medium,0,Free,14,9,0,Simulated - Pending,2026-09-07,Not Yet Measured,
3807,Moderate,0.20929147,Product education campaign,P3 - Medium,499,Premium,8,6,0,Simulated - Pending,2026-09-07,Not Yet Measured,
1424,Moderate,0.2092799,Product education campaign,P3 - Medium,299,Basic,19,6,0,Simulated - Pending,2026-09-07,Not Yet Measured,
3210,Moderate,0.20909321,Product education campaign,P3 - Medium,0,Free,16,9,1,Simulated - Pending,2026-09-07,Not Yet Measured,
2167,Moderate,0.20909321,Product education campaign,P3 - Medium,0,Free,16,9,0,Simulated - Pending,2026-09-07,Not Yet Measured,
4114,Moderate,0.20880029,Product education campaign,P3 - Medium,0,Free,15,5,0,Simulated - Pending,2026-09-07,Not Yet Measured,
2518,Moderate,0.20856054,Product education campaign,P3 - Medium,0,Free,36,0,0,Simulated - Pending,2026-09-07,Not Yet Measured,
2118,Moderate,0.20834325,Product education campaign,P3 - Medium,0,Free,15,7,0,Simulated - Pending,2026-09-07,Not Yet Measured,
3008,Moderate,0.20794049,Product education campaign,P3 - Medium,0,Free,11,3,0,Simulated - Pending,2026-09-07,Not Yet Measured,
2314,Moderate,0.20629625,Product education campaign,P3 - Medium,299,Basic,19,8,1,Simulated - Pending,2026-09-07,Not Yet Measured,
52,Moderate,0.2049455,Product education campaign,P3 - Medium,299,Basic,14,5,0,Simulated - Pending,2026-09-07,Not Yet Measured,
3233,Moderate,0.20413902,Product education campaign,P3 - Medium,299,Basic,11,7,0,Simulated - Pending,2026-09-07,Not Yet Measured,
762,Moderate,0.20401411,Product education campaign,P3 - Medium,0,Free,32,2,0,Simulated - Pending,2026-09-07,Not Yet Measured,
1175,Moderate,0.20399271,Product education campaign,P3 - Medium,499,Premium,16,3,0,Simulated - Pending,2026-09-07,Not Yet Measured,
4273,Moderate,0.20312786,Product education campaign,P3 - Medium,299,Basic,18,5,1,Simulated - Pending,2026-09-07,Not Yet Measured,
1482,Moderate,0.20307527,Product education campaign,P3 - Medium,299,Basic,15,5,0,Simulated - Pending,2026-09-07,Not Yet Measured,
3922,Moderate,0.20304032,Feature discovery campaign,P3 - Medium,299,Basic,7,14,1,Simulated - Pending,2026-09-07,Not Yet Measured,
2234,Moderate,0.20296817,Product education campaign,P3 - Medium,299,Basic,11,9,0,Simulated - Pending,2026-09-07,Not Yet Measured,
3524,Moderate,0.20292139,Product education campaign,P3 - Medium,299,Basic,13,8,0,Simulated - Pending,2026-09-07,Not Yet Measured,
